[
  {
    "id": "7513ae22-75fc-44a1-83a8-0bb36575b995",
    "data": [
      {
        "text": "Create a new vm with the name ",
        "userDefined": false
      },
      {
        "text": "bla",
        "alias": "vm-name",
        "meta": "@sys.any",
        "userDefined": true
      },
      {
        "text": " in ",
        "userDefined": false
      },
      {
        "text": "Rotkreuz",
        "alias": "vm-location",
        "meta": "@openstack-location",
        "userDefined": true
      }
    ],
    "isTemplate": false,
    "count": 0,
    "updated": 1533658006
  },
  {
    "id": "5039571c-bc0a-492e-bf8e-4fb4398dc13a",
    "data": [
      {
        "text": "Can you set me a new virtual machine up in ",
        "userDefined": false
      },
      {
        "text": "Rotkreuz",
        "alias": "vm-location",
        "meta": "@openstack-location",
        "userDefined": false
      }
    ],
    "isTemplate": false,
    "count": 0,
    "updated": 1533658006
  },
  {
    "id": "f67f75a4-b7d5-4963-b343-6bad303442d4",
    "data": [
      {
        "text": "Can you setup ",
        "userDefined": false
      },
      {
        "text": "ubuntu",
        "alias": "distributions",
        "meta": "@distributions",
        "userDefined": false
      },
      {
        "text": " ",
        "userDefined": false
      },
      {
        "text": "16.04",
        "alias": "version",
        "meta": "@sys.any",
        "userDefined": true
      },
      {
        "text": " in ",
        "userDefined": false
      },
      {
        "text": "rotkreuz",
        "alias": "vm-location",
        "meta": "@openstack-location",
        "userDefined": false
      }
    ],
    "isTemplate": false,
    "count": 0,
    "updated": 1533658006
  },
  {
    "id": "03c2503a-836a-492c-ab03-3ed26f0cc895",
    "data": [
      {
        "text": "Create a new vm and call it ",
        "userDefined": false
      },
      {
        "text": "bla",
        "alias": "vm-name",
        "meta": "@sys.any",
        "userDefined": true
      }
    ],
    "isTemplate": false,
    "count": 0,
    "updated": 1533658006
  },
  {
    "id": "d15718f5-c734-4e7a-85c1-5a74e04ef528",
    "data": [
      {
        "text": "Lets create a new ",
        "userDefined": false
      },
      {
        "text": "ubuntu",
        "alias": "distributions",
        "meta": "@distributions",
        "userDefined": false
      },
      {
        "text": " ",
        "userDefined": false
      },
      {
        "text": "16.04",
        "alias": "version",
        "meta": "@sys.any",
        "userDefined": true
      },
      {
        "text": " vm",
        "userDefined": false
      }
    ],
    "isTemplate": false,
    "count": 0,
    "updated": 1533658006
  },
  {
    "id": "60dfad6a-9017-4af5-835a-ae9f6720b345",
    "data": [
      {
        "text": "Please create a new vm, call it ",
        "userDefined": false
      },
      {
        "text": "bla",
        "alias": "vm-name",
        "meta": "@sys.any",
        "userDefined": true
      }
    ],
    "isTemplate": false,
    "count": 0,
    "updated": 1533658006
  },
  {
    "id": "c9b34b8d-effd-4243-b4b2-81dd6b649bf7",
    "data": [
      {
        "text": "Create a new vm in ",
        "userDefined": false
      },
      {
        "text": "Rotkreuz",
        "alias": "vm-location",
        "meta": "@openstack-location",
        "userDefined": false
      }
    ],
    "isTemplate": false,
    "count": 0,
    "updated": 1533658006
  },
  {
    "id": "d0e8ee27-d36e-4dd7-b89b-9668802ce057",
    "data": [
      {
        "text": "Hey openstack, can you create a new virtual machine for me?",
        "userDefined": false
      }
    ],
    "isTemplate": false,
    "count": 1,
    "updated": 1533658006
  },
  {
    "id": "79dd8908-9393-463a-9e0f-113bb2e0e16a",
    "data": [
      {
        "text": "Can you ",
        "userDefined": false
      },
      {
        "text": "create",
        "meta": "@sys.ignore",
        "userDefined": false
      },
      {
        "text": " a new ",
        "userDefined": false
      },
      {
        "text": "medium",
        "alias": "size",
        "meta": "@size",
        "userDefined": true
      },
      {
        "text": " ",
        "userDefined": false
      },
      {
        "text": "virtual machine",
        "meta": "@sys.ignore",
        "userDefined": false
      },
      {
        "text": " in ",
        "userDefined": false
      },
      {
        "text": "Rotkreuz",
        "alias": "vm-location",
        "meta": "@openstack-location",
        "userDefined": true
      },
      {
        "text": " with the name ",
        "userDefined": false
      },
      {
        "text": "bla",
        "alias": "vm-name",
        "meta": "@sys.any",
        "userDefined": true
      },
      {
        "text": "?",
        "userDefined": false
      }
    ],
    "isTemplate": false,
    "count": 0,
    "updated": 1533658006
  },
  {
    "id": "845120de-527c-4617-9ed3-cebdeb96686d",
    "data": [
      {
        "text": "Create me a new ",
        "userDefined": false
      },
      {
        "text": "large",
        "alias": "size",
        "meta": "@size",
        "userDefined": true
      },
      {
        "text": " ",
        "userDefined": false
      },
      {
        "text": "ubuntu",
        "alias": "distributions",
        "meta": "@distributions",
        "userDefined": false
      },
      {
        "text": " ",
        "userDefined": false
      },
      {
        "text": "16.04",
        "alias": "version",
        "meta": "@sys.any",
        "userDefined": true
      },
      {
        "text": " vm in ",
        "userDefined": false
      },
      {
        "text": "rotkreuz",
        "alias": "vm-location",
        "meta": "@openstack-location",
        "userDefined": false
      },
      {
        "text": " and call it ",
        "userDefined": false
      },
      {
        "text": "bla",
        "alias": "vm-name",
        "meta": "@sys.any",
        "userDefined": true
      }
    ],
    "isTemplate": false,
    "count": 0,
    "updated": 1533658006
  },
  {
    "id": "fc43f2e6-dea9-4013-a05c-43700a168bcd",
    "data": [
      {
        "text": "Can you ",
        "userDefined": false
      },
      {
        "text": "setup",
        "meta": "@sys.ignore",
        "userDefined": false
      },
      {
        "text": " a new ",
        "userDefined": false
      },
      {
        "text": "vm",
        "meta": "@sys.ignore",
        "userDefined": false
      },
      {
        "text": "?",
        "userDefined": false
      }
    ],
    "isTemplate": false,
    "count": 0,
    "updated": 1533658006
  }
]