[
  {
    "id": "29fb3ce9-8f58-43bc-848e-db3220c8a169",
    "data": [
      {
        "text": "Talk to Openstack Butler",
        "userDefined": false
      }
    ],
    "isTemplate": false,
    "count": 0,
    "updated": 1533658613
  },
  {
    "id": "f169eb80-8624-4c1e-8fdb-9dda45b79a15",
    "data": [
      {
        "text": "hi",
        "userDefined": false
      }
    ],
    "isTemplate": false,
    "count": 0,
    "updated": 1533658613
  },
  {
    "id": "8cd532e2-6ffa-4f14-8f9f-78bbc85bcb41",
    "data": [
      {
        "text": "I would like to start the openstack butler",
        "userDefined": false
      }
    ],
    "isTemplate": false,
    "count": 0,
    "updated": 1533658613
  }
]