[
  {
    "id": "c32ed1ff-cc7a-41c0-8107-a2686a8a1738",
    "data": [
      {
        "text": "How man working virtual machines are on openstack right now?",
        "userDefined": false
      }
    ],
    "isTemplate": false,
    "count": 0,
    "updated": 1533718560
  },
  {
    "id": "911c410c-78c9-4ae0-b537-18354f5c6141",
    "data": [
      {
        "text": "List all running vms",
        "userDefined": false
      }
    ],
    "isTemplate": false,
    "count": 0,
    "updated": 1533718560
  },
  {
    "id": "56feefde-9fe3-4884-9beb-670f53bf346d",
    "data": [
      {
        "text": "Can you list all virtual machines?",
        "userDefined": false
      }
    ],
    "isTemplate": false,
    "count": 0,
    "updated": 1533718560
  },
  {
    "id": "feec64f9-f1f4-49f1-b413-1337719341af",
    "data": [
      {
        "text": "Can you list all servers?",
        "userDefined": false
      }
    ],
    "isTemplate": false,
    "count": 0,
    "updated": 1533718560
  },
  {
    "id": "9fb968bb-26d4-4940-9fc4-bab1a1007d1d",
    "data": [
      {
        "text": "List all instances",
        "userDefined": false
      }
    ],
    "isTemplate": false,
    "count": 0,
    "updated": 1533718560
  },
  {
    "id": "02fc3bb1-d9f4-4257-8037-4257d397d596",
    "data": [
      {
        "text": "How many instances are running at the moment?",
        "userDefined": false
      }
    ],
    "isTemplate": false,
    "count": 0,
    "updated": 1533718560
  }
]