[
  {
    "id": "df9740a5-9abd-496b-9db7-c95713f373e6",
    "data": [
      {
        "text": "Can you list me all ",
        "userDefined": false
      },
      {
        "text": "distributions",
        "alias": "openstack-entity",
        "meta": "@openstack-entity",
        "userDefined": true
      }
    ],
    "isTemplate": false,
    "count": 0,
    "updated": 1533715579
  },
  {
    "id": "a1b37d49-def3-4641-8d4b-77daebdca777",
    "data": [
      {
        "text": "List ",
        "userDefined": false
      },
      {
        "text": "distributions",
        "alias": "openstack-entity",
        "meta": "@openstack-entity",
        "userDefined": true
      }
    ],
    "isTemplate": false,
    "count": 0,
    "updated": 1533715579
  },
  {
    "id": "8bf15cdd-8855-4381-b0e0-92b0ece45406",
    "data": [
      {
        "text": "What ",
        "userDefined": false
      },
      {
        "text": "sizes",
        "alias": "openstack-entity",
        "meta": "@openstack-entity",
        "userDefined": true
      },
      {
        "text": " do you offer?",
        "userDefined": false
      }
    ],
    "isTemplate": false,
    "count": 0,
    "updated": 1533715579
  },
  {
    "id": "8dfd32d8-f241-42f3-9539-022baae029c9",
    "data": [
      {
        "text": "List all ",
        "userDefined": false
      },
      {
        "text": "distributions",
        "alias": "openstack-entity",
        "meta": "@openstack-entity",
        "userDefined": false
      }
    ],
    "isTemplate": false,
    "count": 0,
    "updated": 1533715579
  },
  {
    "id": "5cd9c2e5-11f2-42e5-809e-4f73733f7d4b",
    "data": [
      {
        "text": "Which ",
        "userDefined": false
      },
      {
        "text": "distributions",
        "alias": "openstack-entity",
        "meta": "@openstack-entity",
        "userDefined": true
      },
      {
        "text": " do you have",
        "userDefined": false
      }
    ],
    "isTemplate": false,
    "count": 0,
    "updated": 1533715579
  },
  {
    "id": "61927334-8e5e-4850-81ba-ae40c5b7f957",
    "data": [
      {
        "text": "What ",
        "userDefined": false
      },
      {
        "text": "distribution",
        "alias": "openstack-entity",
        "meta": "@openstack-entity",
        "userDefined": true
      },
      {
        "text": " do you have",
        "userDefined": false
      }
    ],
    "isTemplate": false,
    "count": 0,
    "updated": 1533715579
  }
]