[
  {
    "id": "0be0e751-fb31-46b6-ab1c-25dde10efd64",
    "data": [
      {
        "text": "Open in my browser",
        "userDefined": false
      }
    ],
    "isTemplate": false,
    "count": 0,
    "updated": 1531924957
  },
  {
    "id": "1fe83b24-4fc4-4be0-9241-9d500f5cef12",
    "data": [
      {
        "text": "Call in Google Chrome",
        "userDefined": false
      }
    ],
    "isTemplate": false,
    "count": 0,
    "updated": 1531924957
  },
  {
    "id": "f791f179-57d9-4597-b515-02cafb007e35",
    "data": [
      {
        "text": "Start ",
        "userDefined": false
      },
      {
        "text": "reddit.com",
        "alias": "url",
        "meta": "@sys.url",
        "userDefined": true
      },
      {
        "text": " in Chrome",
        "userDefined": false
      }
    ],
    "isTemplate": false,
    "count": 0,
    "updated": 1531924957
  },
  {
    "id": "06d46777-f69f-4e44-9263-6b6f2800bc30",
    "data": [
      {
        "text": "Open ",
        "userDefined": false
      },
      {
        "text": "reddit.com",
        "alias": "url",
        "meta": "@sys.url",
        "userDefined": true
      }
    ],
    "isTemplate": false,
    "count": 0,
    "updated": 1531924957
  },
  {
    "id": "40e40ae0-70f8-4149-8296-b6b092600342",
    "data": [
      {
        "text": "Start ",
        "userDefined": false
      },
      {
        "text": "reddit.com",
        "alias": "url",
        "meta": "@sys.url",
        "userDefined": true
      }
    ],
    "isTemplate": false,
    "count": 0,
    "updated": 1531924957
  },
  {
    "id": "ca6269f8-f703-4258-a62b-b359e6bda781",
    "data": [
      {
        "text": "Call in Firefox",
        "userDefined": false
      }
    ],
    "isTemplate": false,
    "count": 0,
    "updated": 1531924957
  },
  {
    "id": "7e77b15e-ac89-4993-9b75-c5ea5a4c9e64",
    "data": [
      {
        "text": "Open ",
        "userDefined": false
      },
      {
        "text": "www.roche.com",
        "alias": "url",
        "meta": "@sys.url",
        "userDefined": false
      },
      {
        "text": " on my computer",
        "userDefined": false
      }
    ],
    "isTemplate": false,
    "count": 0,
    "updated": 1531925425
  }
]